{"station": {"min": 502, "max": 916, "mean": 663.8756494498778, "median": 616.0, "std": 111.87639929730942, "variance": 12516.328719731015, "quantile_25": 602.0, "quantile_50": 616.0, "quantile_75": 672.0, "iqr": 70.0, "method": "minmax"}, "average": {"min": 0.0, "max": 50.0, "mean": 5.459471175886308, "median": 3.0, "std": 6.577036790500059, "variance": 43.25741294359131, "quantile_25": 0.9, "quantile_50": 3.0, "quantile_75": 7.4, "iqr": 6.5, "method": "minmax"}}